time,action,info
2.1,sched_overhead,0.00012111663818359375
2.3,sched_overhead,6.628036499023438e-05
2.3,sched_overhead,5.817413330078125e-05
2.4,sched_overhead,5.9604644775390625e-05
2.5,sched_overhead,5.5789947509765625e-05
2.7,sched_overhead,5.626678466796875e-05
2.7,sched_overhead,5.5789947509765625e-05
4.0,sched_overhead,6.318092346191406e-05
5.1,sched_overhead,5.364418029785156e-05
5.3,sched_overhead,4.863739013671875e-05
5.4,sched_overhead,4.9114227294921875e-05
5.4,sched_overhead,4.9114227294921875e-05
5.5,sched_overhead,5.2928924560546875e-05
5.7,sched_overhead,4.887580871582031e-05
5.8,sched_overhead,5.125999450683594e-05
5.8,sched_overhead,5.125999450683594e-05
6.1,sched_overhead,4.982948303222656e-05
6.2,sched_overhead,4.0531158447265625e-05
6.2,sched_overhead,5.0067901611328125e-05
6.3,sched_overhead,4.839897155761719e-05
6.3,sched_overhead,3.933906555175781e-05
6.4,sched_overhead,3.743171691894531e-05
6.5,sched_overhead,5.0067901611328125e-05
6.9,sched_overhead,5.8650970458984375e-05
7.0,sched_overhead,5.650520324707031e-05
7.1,sched_overhead,5.0067901611328125e-05
7.1,sched_overhead,0.00036215782165527344
7.3,sched_overhead,5.1021575927734375e-05
7.3,sched_overhead,5.14984130859375e-05
7.3,sched_overhead,5.0067901611328125e-05
7.4,sched_overhead,5.459785461425781e-05
7.4,sched_overhead,5.054473876953125e-05
7.5,sched_overhead,5.1975250244140625e-05
7.5,sched_overhead,4.1484832763671875e-05
7.6,sched_overhead,4.839897155761719e-05
7.6,sched_overhead,4.839897155761719e-05
7.7,sched_overhead,5.0067901611328125e-05
7.7,sched_overhead,4.792213439941406e-05
7.7,sched_overhead,3.814697265625e-05
7.8,sched_overhead,4.673004150390625e-05
7.8,sched_overhead,3.719329833984375e-05
7.8,sched_overhead,4.792213439941406e-05
7.8,sched_overhead,4.076957702636719e-05
7.9,sched_overhead,4.935264587402344e-05
7.9,sched_overhead,3.910064697265625e-05
7.9,sched_overhead,5.14984130859375e-05
7.9,sched_overhead,5.14984130859375e-05
7.9,sched_overhead,4.1484832763671875e-05
7.9,sched_overhead,4.9591064453125e-05
7.9,sched_overhead,5.1021575927734375e-05
7.9,sched_overhead,3.814697265625e-05
8.0,sched_overhead,4.744529724121094e-05
8.0,sched_overhead,3.933906555175781e-05
8.1,sched_overhead,5.030632019042969e-05
8.1,sched_overhead,3.981590270996094e-05
8.1,sched_overhead,3.790855407714844e-05
8.1,sched_overhead,3.647804260253906e-05
8.2,sched_overhead,4.9114227294921875e-05
8.2,sched_overhead,4.267692565917969e-05
8.3,sched_overhead,3.933906555175781e-05
8.3,sched_overhead,4.3392181396484375e-05
8.3,sched_overhead,4.100799560546875e-05
8.5,sched_overhead,5.602836608886719e-05
8.6,sched_overhead,4.100799560546875e-05
8.7,sched_overhead,6.127357482910156e-05
8.8,sched_overhead,5.412101745605469e-05
8.8,sched_overhead,4.506111145019531e-05
8.9,sched_overhead,4.315376281738281e-05
9.1,sched_overhead,7.081031799316406e-05
9.3,sched_overhead,6.651878356933594e-05
9.3,sched_overhead,4.076957702636719e-05
9.6,sched_overhead,6.937980651855469e-05
9.6,sched_overhead,4.363059997558594e-05
9.7,sched_overhead,5.602836608886719e-05
9.7,sched_overhead,4.124641418457031e-05
9.9,sched_overhead,5.316734313964844e-05
10.1,sched_overhead,5.507469177246094e-05
10.1,sched_overhead,4.076957702636719e-05
10.1,sched_overhead,3.981590270996094e-05
10.1,sched_overhead,3.7670135498046875e-05
10.2,sched_overhead,5.9604644775390625e-05
10.4,sched_overhead,4.553794860839844e-05
10.4,sched_overhead,4.1961669921875e-05
10.4,sched_overhead,0.0001232624053955078
10.5,sched_overhead,4.9114227294921875e-05
10.5,sched_overhead,4.57763671875e-05
10.7,sched_overhead,5.221366882324219e-05
11.1,sched_overhead,7.462501525878906e-05
11.1,sched_overhead,4.8160552978515625e-05
11.2,sched_overhead,5.793571472167969e-05
11.2,sched_overhead,4.00543212890625e-05
11.2,sched_overhead,4.315376281738281e-05
11.3,sched_overhead,5.7220458984375e-05
11.4,sched_overhead,5.412101745605469e-05
11.4,sched_overhead,4.839897155761719e-05
11.5,sched_overhead,5.984306335449219e-05
11.6,sched_overhead,5.14984130859375e-05
11.7,sched_overhead,5.0067901611328125e-05
11.7,sched_overhead,4.57763671875e-05
11.8,sched_overhead,4.673004150390625e-05
11.9,sched_overhead,6.318092346191406e-05
11.9,sched_overhead,4.5299530029296875e-05
11.9,sched_overhead,4.172325134277344e-05
11.9,sched_overhead,4.1961669921875e-05
12.0,sched_overhead,5.602836608886719e-05
12.0,sched_overhead,4.4345855712890625e-05
12.0,sched_overhead,4.100799560546875e-05
12.1,sched_overhead,4.410743713378906e-05
12.1,sched_overhead,4.1484832763671875e-05
12.2,sched_overhead,4.0531158447265625e-05
12.2,sched_overhead,3.933906555175781e-05
12.3,sched_overhead,4.076957702636719e-05
12.4,sched_overhead,5.1975250244140625e-05
12.4,sched_overhead,3.981590270996094e-05
12.4,sched_overhead,3.695487976074219e-05
12.5,sched_overhead,4.458427429199219e-05
12.7,sched_overhead,5.555152893066406e-05
12.9,sched_overhead,4.506111145019531e-05
12.9,sched_overhead,4.172325134277344e-05
12.9,sched_overhead,3.933906555175781e-05
13.0,sched_overhead,4.124641418457031e-05
13.0,sched_overhead,4.029273986816406e-05
13.0,sched_overhead,3.933906555175781e-05
13.1,sched_overhead,3.933906555175781e-05
13.1,sched_overhead,3.9577484130859375e-05
13.2,sched_overhead,4.863739013671875e-05
13.2,sched_overhead,4.2438507080078125e-05
13.2,sched_overhead,4.506111145019531e-05
13.2,sched_overhead,4.3392181396484375e-05
13.2,sched_overhead,4.029273986816406e-05
13.3,sched_overhead,5.555152893066406e-05
13.3,sched_overhead,4.482269287109375e-05
13.4,sched_overhead,5.173683166503906e-05
14.1,sched_overhead,5.2928924560546875e-05
14.2,sched_overhead,5.364418029785156e-05
14.3,sched_overhead,5.030632019042969e-05
14.4,sched_overhead,5.6743621826171875e-05
14.4,sched_overhead,4.363059997558594e-05
14.4,sched_overhead,4.124641418457031e-05
14.5,sched_overhead,4.100799560546875e-05
14.5,sched_overhead,4.0531158447265625e-05
14.6,sched_overhead,5.1021575927734375e-05
14.7,sched_overhead,5.698204040527344e-05
14.8,sched_overhead,4.410743713378906e-05
14.8,sched_overhead,4.1484832763671875e-05
14.8,sched_overhead,3.981590270996094e-05
14.8,sched_overhead,4.00543212890625e-05
14.9,sched_overhead,4.00543212890625e-05
14.9,sched_overhead,4.076957702636719e-05
14.9,sched_overhead,0.000110626220703125
14.9,sched_overhead,4.172325134277344e-05
15.0,sched_overhead,5.626678466796875e-05
15.0,sched_overhead,4.5299530029296875e-05
15.3,sched_overhead,5.269050598144531e-05
